{"max_reward": 1518.7423363246826, "inventory_position": [16.651015382544365, 16.17646144414185, 15.738483750541711, 15.33367027537309, 14.958989167131172, 7.257976596579037, 7.097918204424298, 0.0, 0.0, 0.0], "issuance": [0.0, 0.0, 0.0, 0.0, 7.528526049024501, 0.0, 7.097918204424298, 0.0, 0.0, 0.0], "production": [0.0, 6.465001481666125, 5.734996142834513], "purchasing": 17.165995239736425, "purchasing_cost": 3140.441268612764, "holding_cost": 239.38516451755794, "expected_revenues": 4818.345464006054, "decay_salvage": 80.2233054489678}