{"max_reward": 1663.8888177082856, "inventory_position": [16.489630677635624, 16.01967620332301, 15.585943470118039, 15.185053521637263, 14.814003891638523, 7.207354493471246, 7.048412458240935, 0.0, 0.0, 0.0], "issuance": [0.0, 0.0, 0.0, 0.0, 7.435365915856055, 0.0, 7.048412458240935, 0.0, 0.0, 0.0], "production": [0.0, 6.385001705475637, 5.694996349200267], "purchasing": 16.999619255294412, "purchasing_cost": 2961.0239598933417, "holding_cost": 237.16478899315527, "expected_revenues": 4782.5889593253305, "decay_salvage": 79.48860726943845}