{"max_reward": 1991.9344293376805, "inventory_position": [23.88080391349277, 23.200201001958227, 22.572055559830208, 15.733117886970685, 15.348676201442954, 7.422498434256325, 7.258811882040367, 0.0, 0.0, 0.0], "issuance": [0.0, 0.0, 6.423578661436717, 0.0, 7.749781368144418, 0.0, 7.258811882040367, 0.0, 0.0, 0.0], "production": [5.862626807669432, 6.655000952561509, 5.8649954741820425], "purchasing": 24.619385477827734, "purchasing_cost": 4180.85682525389, "holding_cost": 296.50844611549405, "expected_revenues": 6372.631234979561, "decay_salvage": 96.66846572750543}