{"max_reward": 1752.5788630850955, "inventory_position": [18.91230461050876, 18.37330392910926, 17.875846725228627, 14.908643866646486, 14.544348358394252, 7.026064373484018, 6.871120285165299, 0.0, 0.0, 0.0], "issuance": [0.0, 0.0, 2.573610207551846, 0.0, 7.351308879977725, 0.0, 6.871120285165299, 0.0, 0.0, 0.0], "production": [2.4222613384661367, 6.64500098031238, 5.964994961561479], "purchasing": 19.497221247947145, "purchasing_cost": 3624.4972055793546, "holding_cost": 253.03203505947252, "expected_revenues": 5546.4023905697195, "decay_salvage": 83.70571315422325}