{"max_reward": 2018.037972361835, "inventory_position": [24.54236882868193, 23.842911317064495, 23.197364493154975, 15.587525698264152, 15.206641585165999, 7.327189003151397, 7.1656042866325995, 0.0, 0.0, 0.0], "issuance": [0.0, 0.0, 7.198323460735709, 0.0, 7.70532122089602, 0.0, 7.1656042866325995, 0.0, 0.0, 0.0], "production": [6.775004454656763, 6.965000097592279, 6.2206440423679075], "purchasing": 25.301411163589748, "purchasing_cost": 4563.547751601685, "holding_cost": 300.25441851860217, "expected_revenues": 6784.252904980601, "decay_salvage": 97.58723750150638}