{"max_reward": 2444.8010643781136, "inventory_position": [29.579892948880648, 28.73686599983755, 27.95881535289195, 27.239679673496376, 26.574072993234555, 25.957197659817602, 25.38476989472514, 24.852955947617808, 24.358317185010502, 23.897762734178375, 12.356963468737916, 12.146104209899665, 11.949206111831039, 11.765185201061533, 11.593057607644992, 11.43192875003423, 11.280983848523721, 11.139479586073318, 11.006736762320477, 10.882133809237894, 0.0, 0.0, 0.0, 0.0, 0.0], "issuance": [0.0, 0.0, 0.0, 0.0, 0.0, 0.0, 0.0, 0.0, 0.0, 11.314782411697081, 0.0, 0.0, 0.0, 0.0, 0.0, 0.0, 0.0, 0.0, 0.0, 10.882133809237894, 0.0, 0.0, 0.0, 0.0, 0.0], "production": [9.245001024447179, 7.264999280752848], "purchasing": 30.494734998846006, "purchasing_cost": 4472.774414267668, "holding_cost": 388.3899285229663, "expected_revenues": 6893.500984393863, "decay_salvage": 412.46442277485386}