{"max_reward": 1892.081773371586, "inventory_position": [17.433604659641222, 16.936746926841447, 16.478184503797216, 14.908643866646486, 14.544348358394252, 7.026064373484018, 6.871120285165299, 0.0, 0.0, 0.0], "issuance": [0.0, 0.0, 1.1759479861204352, 0.0, 7.351308879977725, 0.0, 6.871120285165299, 0.0, 0.0, 0.0], "production": [1.1067928369526645, 6.64500098031238, 5.964994961561479], "purchasing": 17.972788308908413, "purchasing_cost": 3164.173314817764, "holding_cost": 241.93281032903738, "expected_revenues": 5217.617262267673, "decay_salvage": 80.57063625071488}