{"max_reward": 1745.6178369728357, "inventory_position": [23.822158381357422, 23.143226867488735, 22.51662400005148, 15.733117886970685, 15.348676201442954, 7.422498434256325, 7.258811882040367, 0.0, 0.0, 0.0], "issuance": [0.0, 0.0, 6.3681471016579865, 0.0, 7.749781368144418, 0.0, 7.258811882040367, 0.0, 0.0, 0.0], "production": [5.812035919711499, 6.655000952561509, 5.8649954741820425], "purchasing": 24.558926166348, "purchasing_cost": 4415.124993991599, "holding_cost": 296.0682486702826, "expected_revenues": 6360.266951676465, "decay_salvage": 96.54412795824831}