{"max_reward": 2264.388884642607, "inventory_position": [24.508442884017878, 23.80995226182337, 23.165297804334504, 15.580541408329271, 15.199827957665232, 7.32053354330289, 7.159095598020983, 0.0, 0.0, 0.0], "issuance": [0.0, 0.0, 7.173425449190482, 0.0, 7.70532122089602, 0.0, 7.159095598020984, 0.0, 0.0, 0.0], "production": [6.751570645374487, 6.965000097592279, 6.214993683596211], "purchasing": 25.26643596290517, "purchasing_cost": 4310.18604574546, "holding_cost": 299.9307128807291, "expected_revenues": 6777.018070276362, "decay_salvage": 97.48757299242934}